New Master ID,Db ID,Tohoku Number
1,1,1
2,2,2
3,3,3
4,4,4
5,5,5
6,6,6
7,7,7
8,5097,7A
9,8,8
10,9,9
11,10,10
12,11,11
13,12,12
14,13,13
15,14,14
16,15,15
17,16,16
18,17,17
19,18,18
20,19,19
21,20,20
22,21,21
23,22,22
24,23,23
25,24,24
26,25,25
27,26,26
28,27,27
29,28,28
30,29,29
31,30,30
32,31,31
33,32,32
34,33,33
35,34,34
36,35,35
37,36,36
38,37,37
39,38,38
40,39,39
41,40,40
42,41,41
43,42,42
44,43,43
45,44,44
46,45,45
47,46,46
48,47,47
49,48,48
50,49,49
51,50,50
52,51,51
53,52,52
54,53,53
55,54,54
56,55,55
57,56,56
58,57,57
59,58,58
60,59,59
61,60,60
62,61,61
63,62,62
64,63,63
65,64,64
66,65,65
67,66,66
68,67,67
69,68,68
70,69,69
71,70,70
72,71,71
73,72,72
74,73,73
75,74,74
76,75,75
77,76,76
78,77,77
79,78,78
80,79,79
81,80,80
82,81,81
83,82,82
84,83,83
85,84,84
86,85,85
87,86,86
88,87,87
89,88,88
90,89,89
91,90,90
92,91,91
93,92,92
94,93,93
95,94,94
96,95,95
97,96,96
98,97,97
99,98,98
100,99,99
101,100,100
102,101,101
103,102,102
104,103,103
105,104,104
106,105,105
107,106,106
108,107,107
109,108,108
110,109,109
111,110,110
112,111,111
113,112,112
114,113,113
115,114,114
116,115,115
117,116,116
118,117,117
119,118,118
120,119,119
121,120,120
122,121,121
123,122,122
124,123,123
125,124,124
126,125,125
127,126,126
128,127,127
129,128,128
130,129,129
131,130,130
132,131,131
133,132,132
134,133,133
135,134,134
136,135,135
137,136,136
138,137,137
139,138,138
140,139,139
141,140,140
142,141,141
143,142,142
144,143,143
145,144,144
146,145,145
147,146,146
148,147,147
149,148,148
150,149,149
151,150,150
152,151,151
153,152,152
154,153,153
155,154,154
156,155,155
157,156,156
158,157,157
159,158,158
160,159,159
161,160,160
162,161,161
163,162,162
164,163,163
165,164,164
166,165,165
167,166,166
168,167,167
169,168,168
170,169,169
171,170,170
172,171,171
173,172,172
174,173,173
175,174,174
176,175,175
177,176,176
178,177,177
179,178,178
180,179,179
181,180,180
182,181,181
183,182,182
184,183,183
185,184,184
186,185,185
187,186,186
188,187,187
189,188,188
190,189,189
191,190,190
192,191,191
193,192,192
194,193,193
195,194,194
196,195,195
197,196,196
198,197,197
199,198,198
200,199,199
201,200,200
202,201,201
203,202,202
204,203,203
205,204,204
206,205,205
207,206,206
208,207,207
209,208,208
210,209,209
211,210,210
212,211,211
213,212,212
214,213,213
215,214,214
216,215,215
217,216,216
218,217,217
219,218,218
220,219,219
221,220,220
222,221,221
223,222,222
224,223,223
225,224,224
226,225,225
227,226,226
228,227,227
229,228,228
230,229,229
231,230,230
232,231,231
233,232,232
234,233,233
235,234,234
236,235,235
237,236,236
238,237,237
239,238,238
240,239,239
241,240,240
242,241,241
243,242,242
244,243,243
245,244,244
246,245,245
247,246,246
248,247,247
249,248,248
250,249,249
251,250,250
252,251,251
253,252,252
254,253,253
255,254,254
256,255,255
257,256,256
258,257,257
259,258,258
260,259,259
261,260,260
262,261,261
263,262,262
264,263,263
265,264,264
266,265,265
267,266,266
268,267,267
269,268,268
270,269,269
271,270,270
272,271,271
273,272,272
274,273,273
275,274,274
276,275,275
277,276,276
278,277,277
279,278,278
280,279,279
281,280,280
282,281,281
283,282,282
284,283,283
285,284,284
286,285,285
287,286,286
288,287,287
289,288,288
290,289,289
291,290,290
292,291,291
293,292,292
294,293,293
295,294,294
296,295,295
297,296,296
298,297,297
299,298,298
300,299,299
301,300,300
302,301,301
303,302,302
304,303,303
305,304,304
306,305,305
307,306,306
308,307,307
309,308,308
310,309,309
311,310,310
312,311,311
313,312,312
314,313,313
315,314,314
316,315,315
317,316,316
318,317,317
319,318,318
320,319,319
321,320,320
322,321,321
323,322,322
324,323,323
325,324,324
326,325,325
327,326,326
328,327,327
329,328,328
330,329,329
331,330,330
332,331,331
333,332,332
334,333,333
335,334,334
336,335,335
337,336,336
338,337,337
339,338,338
340,339,339
341,340,340
342,341,341
343,342,342
344,343,343
345,344,344
346,345,345
347,346,346
348,347,347
349,348,348
350,349,349
351,350,350
352,351,351
353,352,352
354,353,353
355,354,354
356,355,355
357,356,356
358,357,357
359,358,358
360,359,359
361,5110,359A
362,360,360
363,361,361
364,362,362
365,363,363
366,364,364
367,365,365
368,366,366
369,367,367
370,368,368
371,369,369
372,370,370
373,371,371
374,372,372
375,373,373
376,374,374
377,375,375
378,376,376
379,377,377
380,378,378
381,379,379
382,380,380
383,381,381
384,382,382
385,383,383
386,384,384
387,385,385
388,386,386
389,387,387
390,388,388
391,389,389
392,390,390
393,391,391
394,392,392
395,393,393
396,394,394
397,395,395
398,396,396
399,397,397
400,398,398
401,399,399
402,400,400
403,401,401
404,402,402
405,403,403
406,404,404
407,405,405
408,406,406
409,407,407
410,408,408
411,409,409
412,410,410
413,411,411
414,412,412
415,413,413
416,414,414
417,415,415
418,416,416
419,5299,417-418
420,419,419
421,420,420
422,421,421
423,422,422
424,423,423
425,424,424
426,425,425
427,426,426
428,427,427
429,428,428
430,429,429
431,430,430
432,431,431
433,432,432
434,433,433
435,434,434
436,435,435
437,436,436
438,437,437
439,438,438
440,439,439
441,440,440
442,441,441
443,442,442
444,443,443
445,444,444
446,445,445
447,446,446
448,447,447
449,448,448
450,449,449
451,450,450
452,451,451
453,452,452
454,453,453
455,454,454
456,455,455
457,456,456
458,457,457
459,458,458
460,459,459
461,460,460
462,5111,460A
463,461,461
464,462,462
465,463,463
466,464,464
467,465,465
468,466,466
469,467,467
470,468,468
471,469,469
472,470,470
473,471,471
474,472,472
475,473,473
476,474,474
477,475,475
478,476,476
479,477,477
480,478,478
481,479,479
482,480,480
483,481,481
484,482,482
485,483,483
486,484,484
487,485,485
488,486,486
489,487,487
490,488,488
491,489,489
492,490,490
493,491,491
494,492,492
495,493,493
496,494,494
497,495,495
498,496,496
499,497,497
500,498,498
501,499,499
502,500,500
503,501,501
504,502,502
505,503,503
506,504,504
507,505,505
508,5112,505A
509,506,506
510,507,507
511,508,508
512,509,509
513,510,510
514,511,511
515,512,512
516,513,513
517,514,514
518,515,515
519,516,516
520,517,517
521,518,518
522,519,519
523,520,520
524,521,521
525,522,522
526,523,523
527,524,524
528,525,525
529,526,526
530,527,527
531,528,528
532,529,529
533,530,530
534,531,531
535,532,532
536,533,533
537,534,534
538,535,535
539,536,536
540,537,537
541,538,538
542,539,539
543,5115,539A
544,540,540
545,541,541
546,542,542
547,543,543
548,544,544
549,545,545
550,546,546
551,547,547
552,548,548
553,549,549
554,550,550
555,551,551
556,552,552
557,553,553
558,554,554
559,555,555
560,556,556
561,557,557
562,558,558
563,559,559
564,560,560
565,561,561
566,562,562
567,563,563
568,564,564
569,565,565
570,566,566
571,567,567
572,568,568
573,569,569
574,570,570
575,571,571
576,572,572
577,573,573
578,574,574
579,575,575
580,576,576
581,577,577
582,578,578
583,579,579
584,580,580
585,581,581
586,582,582
587,583,583
588,584,584
589,585,585
590,586,586
591,587,587
592,588,588
593,589,589
594,590,590
595,591,591
596,592,592
597,593,593
598,594,594
599,595,595
600,596,596
601,597,597
602,598,598
603,599,599
604,600,600
605,601,601
606,602,602
607,603,603
608,604,604
609,605,605
610,606,606
611,607,607
612,608,608
613,609,609
614,610,610
615,611,611
616,612,612
617,613,613
618,614,614
619,615,615
620,616,616
621,617,617
622,618,618
623,619,619
624,620,620
625,621,621
626,622,622
627,623,623
628,624,624
629,625,625
630,626,626
631,627,627
632,628,628
633,629,629
634,630,630
635,631,631
636,632,632
637,633,633
638,634,634
639,635,635
640,636,636
641,637,637
642,638,638
643,639,639
644,640,640
645,641,641
646,642,642
647,643,643
648,644,644
649,645,645
650,646,646
651,647,647
652,648,648
653,649,649
654,650,650
655,651,651
656,652,652
657,653,653
658,654,654
659,655,655
660,5606,655A
661,656,656
662,657,657
663,658,658
664,659,659
665,660,660
666,661,661
667,662,662
668,663,663
669,664,664
670,665,665
671,666,666
672,667,667
673,668,668
674,669,669
675,670,670
676,671,671
677,672,672
678,673,673
679,5116,673A
680,674,674
681,675,675
682,676,676
683,677,677
684,678,678
685,679,679
686,680,680
687,681,681
688,682,682
689,683,683
690,684,684
691,685,685
692,686,686
693,687,687
694,688,688
695,689,689
696,690,690
697,691,691
698,692,692
699,693,693
700,694,694
701,695,695
702,696,696
703,697,697
704,698,698
705,699,699
706,700,700
707,701,701
708,702,702
709,703,703
710,704,704
711,705,705
712,706,706
713,707,707
714,708,708
715,709,709
716,710,710
717,711,711
718,712,712
719,713,713
720,714,714
721,715,715
722,716,716
723,717,717
724,718,718
725,719,719
726,720,720
727,721,721
728,722,722
729,723,723
730,724,724
731,725,725
732,726,726
733,727,727
734,728,728
735,729,729
736,730,730
737,731,731
738,732,732
739,733,733
740,734,734
741,735,735
742,736,736
743,737,737
744,738,738
745,739,739
746,740,740
747,741,741
748,742,742
749,743,743
750,744,744
751,745,745
752,746,746
753,747,747
754,748,748
755,749,749
756,750,750
757,751,751
758,752,752
759,753,753
760,754,754
761,755,755
762,756,756
763,757,757
764,758,758
765,759,759
766,760,760
767,761,761
768,762,762
769,763,763
770,764,764
771,765,765
772,766,766
773,767,767
774,768,768
775,769,769
776,770,770
777,771,771
778,772,772
779,773,773
780,774,774
781,775,775
782,776,776
783,777,777
784,778,778
785,779,779
786,780,780
787,781,781
788,782,782
789,783,783
790,784,784
791,785,785
792,786,786
793,787,787
794,788,788
795,789,789
796,790,790
797,791,791
798,792,792
799,793,793
800,794,794
801,795,795
802,796,796
803,797,797
804,798,798
805,799,799
806,800,800
807,801,801
808,802,802
809,803,803
810,804,804
811,805,805
812,806,806
813,807,807
814,808,808
815,809,809
816,810,810
817,811,811
818,812,812
819,813,813
820,814,814
821,815,815
822,816,816
823,817,817
824,818,818
825,819,819
826,820,820
827,821,821
828,822,822
829,823,823
830,824,824
831,825,825
832,826,826
833,827,827
834,828,828
835,829,829
836,830,830
837,831,831
838,832,832
839,833,833
840,834,834
841,835,835
842,836,836
843,837,837
844,838,838
845,839,839
846,840,840
847,841,841
848,5544,841A
849,842,842
850,5616,842A
851,843,843
852,844,844
853,845,845
854,5545,846
855,5546,846A
856,847,847
857,848,848
858,849,849
859,850,850
860,851,851
861,852,852
862,853,853
863,854,854
864,855,855
865,856,856
866,857,857
867,858,858
868,859,859
869,860,860
870,861,861
871,862,862
872,863,863
873,864,864
874,865,865
875,866,866
876,867,867
877,868,868
878,869,869
879,870,870
880,871,871
881,872,872
882,873,873
883,874,874
884,875,875
885,876,876
886,877,877
887,878,878
888,879,879
889,880,880
890,881,881
891,882,882
892,883,883
893,884,884
894,885,885
895,886,886
896,887,887
897,888,888
898,889,889
899,890,890
900,891,891
901,892,892
902,893,893
903,894,894
904,895,895
905,896,896
906,897,897
907,898,898
908,899,899
909,900,900
910,901,901
911,902,902
912,903,903
913,904,904
914,905,905
915,906,906
916,907,907
917,908,908
918,909,909
919,910,910
920,911,911
921,912,912
922,913,913
923,914,914
924,915,915
925,916,916
926,917,917
927,918,918
928,919,919
929,920,920
930,921,921
931,922,922
932,923,923
933,924,924
934,925,925
935,926,926
936,927,927
937,928,928
938,929,929
939,930,930
940,931,931
941,932,932
942,933,933
943,934,934
944,935,935
945,936,936
946,937,937
947,938,938
948,939,939
949,940,940
950,941,941
951,942,942
952,943,943
953,944,944
954,945,945
955,946,946
956,947,947
957,948,948
958,949,949
959,950,950
960,951,951
961,952,952
962,953,953
963,954,954
964,955,955
965,956,956
966,957,957
967,958,958
968,959,959
969,960,960
970,961,961
971,962,962
972,963,963
973,964,964
974,965,965
975,966,966
976,967,967
977,968,968
978,969,969
979,970,970
980,971,971
981,972,972
982,973,973
983,974,974
984,975,975
985,976,976
986,977,977
987,978,978
988,979,979
989,980,980
990,981,981
991,982,982
992,983,983
993,984,984
994,985,985
995,986,986
996,987,987
997,988,988
998,989,989
999,990,990
1000,991,991
1001,992,992
1002,993,993
1003,994,994
1004,995,995
1005,996,996
1006,997,997
1007,998,998
1008,999,999
1009,1000,1000
1010,1001,1001
1011,1002,1002
1012,1003,1003
1013,1004,1004
1014,1005,1005
1015,1006,1006
1016,1007,1007
1017,1008,1008
1018,1009,1009
1019,1010,1010
1020,1011,1011
1021,1012,1012
1022,1013,1013
1023,1014,1014
1024,1015,1015
1025,1016,1016
1026,1017,1017
1027,1018,1018
1028,1019,1019
1029,1020,1020
1030,1021,1021
1031,1022,1022
1032,1023,1023
1033,1024,1024
1034,1025,1025
1035,1026,1026
1036,1027,1027
1037,1028,1028
1038,1029,1029
1039,1030,1030
1040,1031,1031
1041,1032,1032
1042,1033,1033
1043,1034,1034
1044,1035,1035
1045,1036,1036
1046,1037,1037
1047,1038,1038
1048,1039,1039
1049,1040,1040
1050,1041,1041
1051,1042,1042
1052,1043,1043
1053,1044,1044
1054,1045,1045
1055,1046,1046
1056,1047,1047
1057,1048,1048
1058,1049,1049
1059,1050,1050
1060,1051,1051
1061,1052,1052
1062,1053,1053
1063,1054,1054
1064,1055,1055
1065,1056,1056
1066,1057,1057
1067,1058,1058
1068,1059,1059
1069,5127,1059A
1070,1060,1060
1071,1061,1061
1072,1062,1062
1073,1063,1063
1074,1064,1064
1075,1065,1065
1076,1066,1066
1077,1067,1067
1078,1068,1068
1079,1069,1069
1080,1070,1070
1081,1071,1071
1082,1072,1072
1083,1073,1073
1084,1074,1074
1085,1075,1075
1086,1076,1076
1087,1077,1077
1088,1078,1078
1089,1079,1079
1090,1080,1080
1091,1081,1081
1092,1082,1082
1093,1083,1083
1094,1084,1084
1095,1085,1085
1096,1086,1086
1097,1087,1087
1098,1088,1088
1099,5718,1089
1100,5697,1090
1101,5696,1091
1102,5719,1092
1103,5694,1093
1104,5717,1094
1105,5129,1095
1106,5130,1096
1107,5131,1097
1108,5118,1098
1109,5119,1099
1110,5123,1100
1111,5121,1101
1112,5122,1102
1113,5132,1103
1114,5124,1104
1115,5720,1105
1116,5721,1106
1117,5133,1107
1118,5125,1108
1119,1109,1109
1120,1110,1110
1121,1111,1111
1122,1112,1112
1123,1113,1113
1124,1114,1114
1125,1115,1115
1126,1116,1116
1127,1117,1117
1128,1118,1118
1129,1119,1119
1130,1120,1120
1131,1121,1121
1132,1122,1122
1133,1123,1123
1134,1124,1124
1135,1125,1125
1136,1126,1126
1137,1127,1127
1138,1128,1128
1139,1129,1129
1140,1130,1130
1141,1131,1131
1142,1132,1132
1143,1133,1133
1144,1134,1134
1145,1135,1135
1146,1136,1136
1147,1137,1137
1148,1138,1138
1149,1139,1139
1150,1140,1140
1151,1141,1141
1152,1142,1142
1153,1143,1143
1154,1144,1144
1155,1145,1145
1156,1146,1146
1157,1147,1147
1158,1148,1148
1159,1149,1149
1160,1150,1150
1161,1151,1151
1162,1152,1152
1163,1153,1153
1164,1154,1154
1165,1155,1155
1166,1156,1156
1167,1157,1157
1168,1158,1158
1169,1159,1159
1170,1160,1160
1171,1161,1161
1172,1162,1162
1173,1163,1163
1174,1164,1164
1175,1165,1165
1176,1166,1166
1177,1167,1167
1178,1168,1168
1179,1169,1169
1180,1170,1170
1181,1171,1171
1182,1172,1172
1183,1173,1173
1184,5698,1174
1185,1175,1175
1186,5716,1176
1187,5699,1177
1188,1178,1178
1189,1179,1179
1190,1180,1180
1191,1181,1181
1192,1182,1182
1193,1183,1183
1194,1184,1184
1195,1185,1185
1196,1186,1186
1197,1187,1187
1198,1188,1188
1199,1189,1189
1200,1190,1190
1201,1191,1191
1202,1192,1192
1203,1193,1193
1204,1194,1194
1205,1195,1195
1206,1196,1196
1207,1197,1197
1208,1198,1198
1209,1199,1199
1210,1200,1200
1211,1201,1201
1212,1202,1202
1213,1203,1203
1214,1204,1204
1215,1205,1205
1216,1206,1206
1217,1207,1207
1218,1208,1208
1219,1209,1209
1220,1210,1210
1221,1211,1211
1222,1212,1212
1223,1213,1213
1224,1214,1214
1225,1215,1215
1226,1216,1216
1227,1217,1217
1228,1218,1218
1229,1219,1219
1230,1220,1220
1231,1221,1221
1232,1222,1222
1233,1223,1223
1234,1224,1224
1235,1225,1225
1236,1226,1226
1237,1227,1227
1238,1228,1228
1239,1229,1229
1240,1230,1230
1241,1231,1231
1242,1232,1232
1243,1233,1233
1244,1234,1234
1245,1235,1235
1246,1236,1236
1247,1237,1237
1248,1238,1238
1249,1239,1239
1250,1240,1240
1251,1241,1241
1252,1242,1242
1253,1243,1243
1254,1244,1244
1255,1245,1245
1256,1246,1246
1257,1247,1247
1258,1248,1248
1259,1249,1249
1260,1250,1250
1261,1251,1251
1262,1252,1252
1263,1253,1253
1264,1254,1254
1265,1255,1255
1266,1256,1256
1267,1257,1257
1268,1258,1258
1269,1259,1259
1270,1260,1260
1271,1261,1261
1272,1262,1262
1273,1263,1263
1274,1264,1264
1275,1265,1265
1276,1266,1266
1277,1267,1267
1278,1268,1268
1279,1269,1269
1280,1270,1270
1281,1271,1271
1282,1272,1272
1283,1273,1273
1284,1274,1274
1285,1275,1275
1286,1276,1276
1287,1277,1277
1288,1278,1278
1289,1279,1279
1290,1280,1280
1291,1281,1281
1292,1282,1282
1293,1283,1283
1294,1284,1284
1295,1285,1285
1296,1286,1286
1297,1287,1287
1298,1288,1288
1299,1289,1289
1300,1290,1290
1301,1291,1291
1302,1292,1292
1303,1293,1293
1304,1294,1294
1305,1295,1295
1306,1296,1296
1307,1297,1297
1308,1298,1298
1309,1299,1299
1310,1300,1300
1311,1301,1301
1312,1302,1302
1313,1303,1303
1314,1304,1304
1315,1305,1305
1316,1306,1306
1317,1307,1307
1318,1308,1308
1319,1309,1309
1320,1310,1310
1321,1311,1311
1322,1312,1312
1323,1313,1313
1324,1314,1314
1325,1315,1315
1326,1316,1316
1327,1317,1317
1328,1318,1318
1329,1319,1319
1330,1320,1320
1331,5141,1320A
1332,1321,1321
1333,1322,1322
1334,1323,1323
1335,1324,1324
1336,1325,1325
1337,1326,1326
1338,1327,1327
1339,1328,1328
1340,1329,1329
1341,1330,1330
1342,1331,1331
1343,1332,1332
1344,1333,1333
1345,1334,1334
1346,1335,1335
1347,1336,1336
1348,1337,1337
1349,1338,1338
1350,1339,1339
1351,1340,1340
1352,1341,1341
1353,1342,1342
1354,1343,1343
1355,1344,1344
1356,1345,1345
1357,1346,1346
1358,1347,1347
1359,1348,1348
1360,1349,1349
1361,1350,1350
1362,1351,1351
1363,1352,1352
1364,1353,1353
1365,1354,1354
1366,1355,1355
1367,1356,1356
1368,1357,1357
1369,1358,1358
1370,1359,1359
1371,1360,1360
1372,1361,1361
1373,1362,1362
1374,1363,1363
1375,1364,1364
1376,1365,1365
1377,1366,1366
1378,1367,1367
1379,1368,1368
1380,1369,1369
1381,1370,1370
1382,1371,1371
1383,1372,1372
1384,1373,1373
1385,1374,1374
1386,1375,1375
1387,1376,1376
1388,1377,1377
1389,1378,1378
1390,1379,1379
1391,1380,1380
1392,1381,1381
1393,1382,1382
1394,1383,1383
1395,1384,1384
1396,1385,1385
1397,1386,1386
1398,1387,1387
1399,1388,1388
1400,1389,1389
1401,1390,1390
1402,1391,1391
1403,1392,1392
1404,1393,1393
1405,1394,1394
1406,1395,1395
1407,1396,1396
1408,1397,1397
1409,1398,1398
1410,1399,1399
1411,1400,1400
1412,1401,1401
1413,1402,1402
1414,1403,1403
1415,1404,1404
1416,1405,1405
1417,1406,1406
1418,1407,1407
1419,1408,1408
1420,1409,1409
1421,1410,1410
1422,1411,1411
1423,1412,1412
1424,1413,1413
1425,1414,1414
1426,1415,1415
1427,1416,1416
1428,1417,1417
1429,1418,1418
1430,1419,1419
1431,1420,1420
1432,1421,1421
1433,1422,1422
1434,1423,1423
1435,1424,1424
1436,1425,1425
1437,1426,1426
1438,1427,1427
1439,1428,1428
1440,1429,1429
1441,1430,1430
1442,1431,1431
1443,1432,1432
1444,1433,1433
1445,1434,1434
1446,1435,1435
1447,1436,1436
1448,1437,1437
1449,1438,1438
1450,1439,1439
1451,1440,1440
1452,1441,1441
1453,1442,1442
1454,1443,1443
1455,1444,1444
1456,1445,1445
1457,1446,1446
1458,1447,1447
1459,1448,1448
1460,1449,1449
1461,1450,1450
1462,1451,1451
1463,1452,1452
1464,1453,1453
1465,1454,1454
1466,1455,1455
1467,1456,1456
1468,1457,1457
1469,1458,1458
1470,1459,1459
1471,1460,1460
1472,1461,1461
1473,1462,1462
1474,1463,1463
1475,1464,1464
1476,1465,1465
1477,1466,1466
1478,1467,1467
1479,1468,1468
1480,1469,1469
1481,1470,1470
1482,1471,1471
1483,1472,1472
1484,1473,1473
1485,1474,1474
1486,1475,1475
1487,1476,1476
1488,1477,1477
1489,1478,1478
1490,1479,1479
1491,1480,1480
1492,1481,1481
1493,1482,1482
1494,1483,1483
1495,1484,1484
1496,1485,1485
1497,1486,1486
1498,1487,1487
1499,1488,1488
1500,1489,1489
1501,1490,1490
1502,1491,1491
1503,1492,1492
1504,1493,1493
1505,1494,1494
1506,1495,1495
1507,1496,1496
1508,1497,1497
1509,1498,1498
1510,1499,1499
1511,1500,1500
1512,1501,1501
1513,1502,1502
1514,1503,1503
1515,1504,1504
1516,1505,1505
1517,1506,1506
1518,1507,1507
1519,1508,1508
1520,1509,1509
1521,1510,1510
1522,1511,1511
1523,1512,1512
1524,1513,1513
1525,5143,1513A
1526,1514,1514
1527,1515,1515
1528,1516,1516
1529,1517,1517
1530,1518,1518
1531,1519,1519
1532,1520,1520
1533,1521,1521
1534,1522,1522
1535,1523,1523
1536,1524,1524
1537,1525,1525
1538,1526,1526
1539,1527,1527
1540,1528,1528
1541,1529,1529
1542,1530,1530
1543,1531,1531
1544,1532,1532
1545,1533,1533
1546,1534,1534
1547,1535,1535
1548,1536,1536
1549,1537,1537
1550,1538,1538
1551,1539,1539
1552,1540,1540
1553,1541,1541
1554,1542,1542
1555,1543,1543
1556,1544,1544
1557,1545,1545
1558,1546,1546
1559,1547,1547
1560,1548,1548
1561,1549,1549
1562,1550,1550
1563,1551,1551
1564,1552,1552
1565,1553,1553
1566,1554,1554
1567,1555,1555
1568,1556,1556
1569,1557,1557
1570,1558,1558
1571,1559,1559
1572,1560,1560
1573,1561,1561
1574,1562,1562
1575,1563,1563
1576,1564,1564
1577,1565,1565
1578,1566,1566
1579,1567,1567
1580,1568,1568
1581,1569,1569
1582,1570,1570
1583,1571,1571
1584,1572,1572
1585,1573,1573
1586,1574,1574
1587,1575,1575
1588,1576,1576
1589,1577,1577
1590,1578,1578
1591,1579,1579
1592,1580,1580
1593,1581,1581
1594,1582,1582
1595,1583,1583
1596,1584,1584
1597,1585,1585
1598,1586,1586
1599,1587,1587
1600,1588,1588
1601,1589,1589
1602,1590,1590
1603,1591,1591
1604,1592,1592
1605,1593,1593
1606,1594,1594
1607,1595,1595
1608,1596,1596
1609,1597,1597
1610,1598,1598
1611,1599,1599
1612,5144,1599A
1613,1600,1600
1614,1601,1601
1615,1602,1602
1616,1603,1603
1617,1604,1604
1618,1605,1605
1619,1606,1606
1620,1607,1607
1621,1608,1608
1622,1609,1609
1623,1610,1610
1624,1611,1611
1625,1612,1612
1626,1613,1613
1627,1614,1614
1628,1615,1615
1629,1616,1616
1630,1617,1617
1631,1618,1618
1632,5145,1618A
1633,1619,1619
1634,1620,1620
1635,1621,1621
1636,1622,1622
1637,1623,1623
1638,1624,1624
1639,1625,1625
1640,1626,1626
1641,1627,1627
1642,1628,1628
1643,1629,1629
1644,1630,1630
1645,1631,1631
1646,1632,1632
1647,1633,1633
1648,1634,1634
1649,1635,1635
1650,1636,1636
1651,1637,1637
1652,1638,1638
1653,1639,1639
1654,1640,1640
1655,1641,1641
1656,1642,1642
1657,1643,1643
1658,1644,1644
1659,1645,1645
1660,1646,1646
1661,1647,1647
1662,1648,1648
1663,1649,1649
1664,1650,1650
1665,1651,1651
1666,1652,1652
1667,1653,1653
1668,1654,1654
1669,1655,1655
1670,1656,1656
1671,1657,1657
1672,1658,1658
1673,1659,1659
1674,1660,1660
1675,1661,1661
1676,1662,1662
1677,1663,1663
1678,1664,1664
1679,1665,1665
1680,1666,1666
1681,1667,1667
1682,1668,1668
1683,1669,1669
1684,1670,1670
1685,1671,1671
1686,1672,1672
1687,1673,1673
1688,1674,1674
1689,1675,1675
1690,1676,1676
1691,1677,1677
1692,1678,1678
1693,1679,1679
1694,1680,1680
1695,1681,1681
1696,1682,1682
1697,1683,1683
1698,1684,1684
1699,1685,1685
1700,1686,1686
1701,1687,1687
1702,1688,1688
1703,1689,1689
1704,1690,1690
1705,1691,1691
1706,1692,1692
1707,1693,1693
1708,1694,1694
1709,1695,1695
1710,1696,1696
1711,1697,1697
1712,1698,1698
1713,1699,1699
1714,1700,1700
1715,1701,1701
1716,1702,1702
1717,1703,1703
1718,1704,1704
1719,1705,1705
1720,1706,1706
1721,1707,1707
1722,1708,1708
1723,1709,1709
1724,5146,1709A
1725,1710,1710
1726,1711,1711
1727,1712,1712
1728,1713,1713
1729,1714,1714
1730,1715,1715
1731,1716,1716
1732,1717,1717
1733,1718,1718
1734,1719,1719
1735,1720,1720
1736,1721,1721
1737,1722,1722
1738,1723,1723
1739,1724,1724
1740,1725,1725
1741,1726,1726
1742,1727,1727
1743,1728,1728
1744,1729,1729
1745,1730,1730
1746,1731,1731
1747,1732,1732
1748,1733,1733
1749,1734,1734
1750,1735,1735
1751,1736,1736
1752,1737,1737
1753,1738,1738
1754,1739,1739
1755,1740,1740
1756,1741,1741
1757,1742,1742
1758,1743,1743
1759,1744,1744
1760,1745,1745
1761,1746,1746
1762,1747,1747
1763,1748,1748
1764,1749,1749
1765,1750,1750
1766,1751,1751
1767,1752,1752
1768,1753,1753
1769,1754,1754
1770,1755,1755
1771,1756,1756
1772,1757,1757
1773,1758,1758
1774,1759,1759
1775,1760,1760
1776,1761,1761
1777,1762,1762
1778,1763,1763
1779,1764,1764
1780,1765,1765
1781,1766,1766
1782,1767,1767
1783,1768,1768
1784,1769,1769
1785,1770,1770
1786,1771,1771
1787,1772,1772
1788,1773,1773
1789,1774,1774
1790,1775,1775
1791,1776,1776
1792,1777,1777
1793,1778,1778
1794,1779,1779
1795,1780,1780
1796,1781,1781
1797,1782,1782
1798,1783,1783
1799,1784,1784
1800,5147,1784A
1801,1785,1785
1802,1786,1786
1803,1787,1787
1804,1788,1788
1805,1789,1789
1806,1790,1790
1807,1791,1791
1808,1792,1792
1809,1793,1793
1810,1794,1794
1811,1795,1795
1812,1796,1796
1813,1797,1797
1814,1798,1798
1815,1799,1799
1816,1800,1800
1817,1801,1801
1818,1802,1802
1819,1803,1803
1820,1804,1804
1821,1805,1805
1822,1806,1806
1823,1807,1807
1824,1808,1808
1825,1809,1809
1826,1810,1810
1827,1811,1811
1828,1812,1812
1829,1813,1813
1830,1814,1814
1831,1815,1815
1832,1816,1816
1833,1817,1817
1834,1818,1818
1835,1819,1819
1836,1820,1820
1837,1821,1821
1838,1822,1822
1839,1823,1823
1840,1824,1824
1841,1825,1825
1842,1826,1826
1843,1827,1827
1844,1828,1828
1845,1829,1829
1846,1830,1830
1847,1831,1831
1848,1832,1832
1849,1833,1833
1850,1834,1834
1851,1835,1835
1852,1836,1836
1853,1837,1837
1854,1838,1838
1855,1839,1839
1856,1840,1840
1857,1841,1841
1858,1842,1842
1859,1843,1843
1860,1844,1844
1861,1845,1845
1862,1846,1846
1863,1847,1847
1864,1848,1848
1865,1849,1849
1866,1850,1850
1867,1851,1851
1868,1852,1852
1869,1853,1853
1870,1854,1854
1871,1855,1855
1872,1856,1856
1873,1857,1857
1874,1858,1858
1875,1859,1859
1876,1860,1860
1877,1861,1861
1878,1862,1862
1879,1863,1863
1880,1864,1864
1881,1865,1865
1882,1866,1866
1883,1867,1867
1884,1868,1868
1885,1869,1869
1886,1870,1870
1887,1871,1871
1888,1872,1872
1889,1873,1873
1890,1874,1874
1891,1875,1875
1892,1876,1876
1893,1877,1877
1894,1878,1878
1895,1879,1879
1896,1880,1880
1897,1881,1881
1898,1882,1882
1899,1883,1883
1900,1884,1884
1901,1885,1885
1902,1886,1886
1903,1887,1887
1904,1888,1888
1905,1889,1889
1906,1890,1890
1907,1891,1891
1908,1892,1892
1909,1893,1893
1910,1894,1894
1911,1895,1895
1912,1896,1896
1913,1897,1897
1914,1898,1898
1915,1899,1899
1916,1900,1900
1917,1901,1901
1918,1902,1902
1919,1903,1903
1920,1904,1904
1921,1905,1905
1922,1906,1906
1923,1907,1907
1924,1908,1908
1925,1909,1909
1926,1910,1910
1927,1911,1911
1928,1912,1912
1929,1913,1913
1930,1914,1914
1931,1915,1915
1932,1916,1916
1933,1917,1917
1934,1918,1918
1935,1919,1919
1936,1920,1920
1937,1921,1921
1938,1922,1922
1939,1923,1923
1940,1924,1924
1941,1925,1925
1942,1926,1926
1943,1927,1927
1944,1928,1928
1945,1929,1929
1946,1930,1930
1947,1931,1931
1948,1932,1932
1949,1933,1933
1950,1934,1934
1951,1935,1935
1952,5152,1935A
1953,5153,1935B
1954,1936,1936
1955,1937,1937
1956,1938,1938
1957,1939,1939
1958,1940,1940
1959,1941,1941
1960,1942,1942
1961,1943,1943
1962,1944,1944
1963,1945,1945
1964,1946,1946
1965,1947,1947
1966,1948,1948
1967,1949,1949
1968,1950,1950
1969,1951,1951
1970,1952,1952
1971,1953,1953
1972,1954,1954
1973,1955,1955
1974,1956,1956
1975,1957,1957
1976,1958,1958
1977,1959,1959
1978,1960,1960
1979,1961,1961
1980,1962,1962
1981,1963,1963
1982,1964,1964
1983,1965,1965
1984,1966,1966
1985,1967,1967
1986,1968,1968
1987,1969,1969
1988,1970,1970
1989,1971,1971
1990,1972,1972
1991,1973,1973
1992,1974,1974
1993,1975,1975
1994,1976,1976
1995,1977,1977
1996,1978,1978
1997,1979,1979
1998,1980,1980
1999,1981,1981
2000,1982,1982
2001,1983,1983
2002,1984,1984
2003,1985,1985
2004,1986,1986
2005,1987,1987
2006,1988,1988
2007,1989,1989
2008,1990,1990
2009,1991,1991
2010,1992,1992
2011,1993,1993
2012,1994,1994
2013,1995,1995
2014,1996,1996
2015,1997,1997
2016,1998,1998
2017,1999,1999
2018,2000,2000
2019,2001,2001
2020,2002,2002
2021,2003,2003
2022,2004,2004
2023,2005,2005
2024,2006,2006
2025,2007,2007
2026,2008,2008
2027,5156,2008A
2028,2009,2009
2029,2010,2010
2030,2011,2011
2031,2012,2012
2032,2013,2013
2033,5157,2013A
2034,2014,2014
2035,2015,2015
2036,2016,2016
2037,2017,2017
2038,2018,2018
2039,2019,2019
2040,2020,2020
2041,2021,2021
2042,2022,2022
2043,2023,2023
2044,2024,2024
2045,2025,2025
2046,2026,2026
2047,2027,2027
2048,2028,2028
2049,2029,2029
2050,2030,2030
2051,2031,2031
2052,2032,2032
2053,2033,2033
2054,2034,2034
2055,2035,2035
2056,2036,2036
2057,2037,2037
2058,2038,2038
2059,2039,2039
2060,2040,2040
2061,2041,2041
2062,2042,2042
2063,2043,2043
2064,2044,2044
2065,2045,2045
2066,2046,2046
2067,2047,2047
2068,2048,2048
2069,2049,2049
2070,2050,2050
2071,2051,2051
2072,2052,2052
2073,2053,2053
2074,2054,2054
2075,2055,2055
2076,2056,2056
2077,2057,2057
2078,2058,2058
2079,2059,2059
2080,2060,2060
2081,2061,2061
2082,2062,2062
2083,2063,2063
2084,2064,2064
2085,2065,2065
2086,2066,2066
2087,2067,2067
2088,2068,2068
2089,2069,2069
2090,2070,2070
2091,2071,2071
2092,2072,2072
2093,2073,2073
2094,2074,2074
2095,2075,2075
2096,2076,2076
2097,2077,2077
2098,2078,2078
2099,2079,2079
2100,2080,2080
2101,2081,2081
2102,2082,2082
2103,2083,2083
2104,2084,2084
2105,2085,2085
2106,2086,2086
2107,2087,2087
2108,2088,2088
2109,2089,2089
2110,2090,2090
2111,2091,2091
2112,2092,2092
2113,2093,2093
2114,2094,2094
2115,2095,2095
2116,2096,2096
2117,2097,2097
2118,2098,2098
2119,2099,2099
2120,2100,2100
2121,2101,2101
2122,2102,2102
2123,2103,2103
2124,2104,2104
2125,2105,2105
2126,2106,2106
2127,2107,2107
2128,2108,2108
2129,2109,2109
2130,2110,2110
2131,2111,2111
2132,2112,2112
2133,2113,2113
2134,2114,2114
2135,2115,2115
2136,2116,2116
2137,2117,2117
2138,2118,2118
2139,2119,2119
2140,2120,2120
2141,2121,2121
2142,2122,2122
2143,2123,2123
2144,2124,2124
2145,2125,2125
2146,2126,2126
2147,2127,2127
2148,2128,2128
2149,2129,2129
2150,2130,2130
2151,2131,2131
2152,2132,2132
2153,2133,2133
2154,2134,2134
2155,2135,2135
2156,2136,2136
2157,2137,2137
2158,2138,2138
2159,2139,2139
2160,2140,2140
2161,2141,2141
2162,2142,2142
2163,2143,2143
2164,2144,2144
2165,2145,2145
2166,2146,2146
2167,2147,2147
2168,2148,2148
2169,2149,2149
2170,2150,2150
2171,2151,2151
2172,2152,2152
2173,2153,2153
2174,2154,2154
2175,2155,2155
2176,2156,2156
2177,2157,2157
2178,2158,2158
2179,2159,2159
2180,2160,2160
2181,2161,2161
2182,2162,2162
2183,2163,2163
2184,2164,2164
2185,2165,2165
2186,2166,2166
2187,2167,2167
2188,2168,2168
2189,2169,2169
2190,2170,2170
2191,2171,2171
2192,2172,2172
2193,2173,2173
2194,2174,2174
2195,2175,2175
2196,2176,2176
2197,5439,2177-2181
2198,2182,2182
2199,2183,2183
2200,2184,2184
2201,2185,2185
2202,2186,2186
2203,2187,2187
2204,2188,2188
2205,2189,2189
2206,2190,2190
2207,2191,2191
2208,2192,2192
2209,2193,2193
2210,2194,2194
2211,2195,2195
2212,2196,2196
2213,2197,2197
2214,2198,2198
2215,2199,2199
2216,2200,2200
2217,2201,2201
2218,2202,2202
2219,2203,2203
2220,2204,2204
2221,2205,2205
2222,2206,2206
2223,2207,2207
2224,2208,2208
2225,2209,2209
2226,2210,2210
2227,2211,2211
2228,2212,2212
2229,2213,2213
2230,2214,2214
2231,2215,2215
2232,2216,2216
2233,2217,2217
2234,2218,2218
2235,2219,2219
2236,2220,2220
2237,2221,2221
2238,2222,2222
2239,2223,2223
2240,2224,2224
2241,2225,2225
2242,2226,2226
2243,2227,2227
2244,2228,2228
2245,2229,2229
2246,2230,2230
2247,2231,2231
2248,2232,2232
2249,2233,2233
2250,2234,2234
2251,2235,2235
2252,2236,2236
2253,2237,2237
2254,5167,2237A
2255,2238,2238
2256,2239,2239
2257,2240,2240
2258,2241,2241
2259,2242,2242
2260,2243,2243
2261,2244,2244
2262,2245,2245
2263,2246,2246
2264,2247,2247
2265,2248,2248
2266,2249,2249
2267,2250,2250
2268,2251,2251
2269,2252,2252
2270,2253,2253
2271,2254,2254
2272,2255,2255
2273,2256,2256
2274,2257,2257
2275,2258,2258
2276,2259,2259
2277,2260,2260
2278,2261,2261
2279,2262,2262
2280,2263,2263
2281,2264,2264
2282,2265,2265
2283,2266,2266
2284,2267,2267
2285,2268,2268
2286,2269,2269
2287,2270,2270
2288,2271,2271
2289,2272,2272
2290,2273,2273
2291,2274,2274
2292,2275,2275
2293,2276,2276
2294,2277,2277
2295,2278,2278
2296,2279,2279
2297,2280,2280
2298,2281,2281
2299,2282,2282
2300,2283,2283
2301,2284,2284
2302,2285,2285
2303,2286,2286
2304,2287,2287
2305,2288,2288
2306,2289,2289
2307,2290,2290
2308,2291,2291
2309,2292,2292
2310,2293,2293
2311,2294,2294
2312,2295,2295
2313,2296,2296
2314,2297,2297
2315,2298,2298
2316,2299,2299
2317,2300,2300
2318,2301,2301
2319,2302,2302
2320,2303,2303
2321,2304,2304
2322,2305,2305
2323,2306,2306
2324,2307,2307
2325,2308,2308
2326,2309,2309
2327,2310,2310
2328,2311,2311
2329,2312,2312
2330,2313,2313
2331,2314,2314
2332,2315,2315
2333,2316,2316
2334,2317,2317
2335,2318,2318
2336,2319,2319
2337,2320,2320
2338,2321,2321
2339,2322,2322
2340,2323,2323
2341,2324,2324
2342,2325,2325
2343,2326,2326
2344,2327,2327
2345,2328,2328
2346,2329,2329
2347,2330,2330
2348,2331,2331
2349,2332,2332
2350,2333,2333
2351,2334,2334
2352,2335,2335
2353,2336,2336
2354,2337,2337
2355,2338,2338
2356,2339,2339
2357,2340,2340
2358,2341,2341
2359,2342,2342
2360,2343,2343
2361,2344,2344
2362,2345,2345
2363,2346,2346
2364,2347,2347
2365,2348,2348
2366,2349,2349
2367,2350,2350
2368,2351,2351
2369,2352,2352
2370,2353,2353
2371,2354,2354
2372,2355,2355
2373,2356,2356
2374,2357,2357
2375,2358,2358
2376,2359,2359
2377,2360,2360
2378,2361,2361
2379,2362,2362
2380,2363,2363
2381,2364,2364
2382,2365,2365
2383,2366,2366
2384,2367,2367
2385,2368,2368
2386,2369,2369
2387,2370,2370
2388,2371,2371
2389,2372,2372
2390,2373,2373
2391,2374,2374
2392,2375,2375
2393,2376,2376
2394,2377,2377
2395,2378,2378
2396,2379,2379
2397,2380,2380
2398,2381,2381
2399,2382,2382
2400,2383,2383
2401,2384,2384
2402,2385,2385
2403,2386,2386
2404,2387,2387
2405,2388,2388
2406,2389,2389
2407,2390,2390
2408,2391,2391
2409,2392,2392
2410,2393,2393
2411,2394,2394
2412,2395,2395
2413,2396,2396
2414,2397,2397
2415,2398,2398
2416,2399,2399
2417,2400,2400
2418,2401,2401
2419,2402,2402
2420,2403,2403
2421,2404,2404
2422,2405,2405
2423,2406,2406
2424,2407,2407
2425,2408,2408
2426,2409,2409
2427,2410,2410
2428,2411,2411
2429,2412,2412
2430,2413,2413
2431,2414,2414
2432,2415,2415
2433,2416,2416
2434,2417,2417
2435,2418,2418
2436,2419,2419
2437,2420,2420
2438,2421,2421
2439,2422,2422
2440,2423,2423
2441,2424,2424
2442,2425,2425
2443,2426,2426
2444,2427,2427
2445,2428,2428
2446,2429,2429
2447,2430,2430
2448,2431,2431
2449,2432,2432
2450,2433,2433
2451,2434,2434
2452,2435,2435
2453,2436,2436
2454,2437,2437
2455,2438,2438
2456,2439,2439
2457,2440,2440
2458,2441,2441
2459,2442,2442
2460,2443,2443
2461,2444,2444
2462,2445,2445
2463,2446,2446
2464,2447,2447
2465,2448,2448
2466,2449,2449
2467,2450,2450
2468,2451,2451
2469,2452,2452
2470,2453,2453
2471,2454,2454
2472,2455,2455
2473,2456,2456
2474,2457,2457
2475,2458,2458
2476,2459,2459
2477,2460,2460
2478,2461,2461
2479,2462,2462
2480,2463,2463
2481,2464,2464
2482,2465,2465
2483,2466,2466
2484,2467,2467
2485,2468,2468
2486,2469,2469
2487,2470,2470
2488,2471,2471
2489,2472,2472
2490,2473,2473
2491,2474,2474
2492,2475,2475
2493,2476,2476
2494,2477,2477
2495,2478,2478
2496,2479,2479
2497,2480,2480
2498,2481,2481
2499,2482,2482
2500,2483,2483
2501,2484,2484
2502,2485,2485
2503,2486,2486
2504,2487,2487
2505,2488,2488
2506,2489,2489
2507,2490,2490
2508,2491,2491
2509,2492,2492
2510,2493,2493
2511,2494,2494
2512,2495,2495
2513,2496,2496
2514,2497,2497
2515,2498,2498
2516,2499,2499
2517,2500,2500
2518,2501,2501
2519,2502,2502
2520,2503,2503
2521,2504,2504
2522,2505,2505
2523,2506,2506
2524,2507,2507
2525,2508,2508
2526,2509,2509
2527,2510,2510
2528,2511,2511
2529,2512,2512
2530,2513,2513
2531,2514,2514
2532,2515,2515
2533,2516,2516
2534,2517,2517
2535,2518,2518
2536,2519,2519
2537,2520,2520
2538,2521,2521
2539,2522,2522
2540,2523,2523
2541,2524,2524
2542,2525,2525
2543,2526,2526
2544,2527,2527
2545,2528,2528
2546,2529,2529
2547,2530,2530
2548,2531,2531
2549,2532,2532
2550,2533,2533
2551,2534,2534
2552,2535,2535
2553,2536,2536
2554,2537,2537
2555,2538,2538
2556,2539,2539
2557,2540,2540
2558,2541,2541
2559,2542,2542
2560,2543,2543
2561,2544,2544
2562,5174,2544A
2563,5175,2544B
2564,2545,2545
2565,5176,2545A
2566,2546,2546
2567,2547,2547
2568,2548,2548
2569,2549,2549
2570,2550,2550
2571,2551,2551
2572,2552,2552
2573,2553,2553
2574,2554,2554
2575,2555,2555
2576,2556,2556
2577,2557,2557
2578,2558,2558
2579,2559,2559
2580,2560,2560
2581,2561,2561
2582,2562,2562
2583,2563,2563
2584,2564,2564
2585,2565,2565
2586,2566,2566
2587,2567,2567
2588,2568,2568
2589,2569,2569
2590,2570,2570
2591,2571,2571
2592,2572,2572
2593,2573,2573
2594,2574,2574
2595,2575,2575
2596,2576,2576
2597,2577,2577
2598,2578,2578
2599,2579,2579
2600,2580,2580
2601,2581,2581
2602,2582,2582
2603,2583,2583
2604,2584,2584
2605,2585,2585
2606,2586,2586
2607,2587,2587
2608,2588,2588
2609,2589,2589
2610,2590,2590
2611,2591,2591
2612,2592,2592
2613,2593,2593
2614,2594,2594
2615,2595,2595
2616,2596,2596
2617,2597,2597
2618,2598,2598
2619,2599,2599
2620,2600,2600
2621,2601,2601
2622,2602,2602
2623,2603,2603
2624,2604,2604
2625,2605,2605
2626,2606,2606
2627,2607,2607
2628,2608,2608
2629,2609,2609
2630,2610,2610
2631,2611,2611
2632,2612,2612
2633,2613,2613
2634,2614,2614
2635,2615,2615
2636,2616,2616
2637,2617,2617
2638,2618,2618
2639,2619,2619
2640,2620,2620
2641,2621,2621
2642,2622,2622
2643,2623,2623
2644,2624,2624
2645,2625,2625
2646,2626,2626
2647,2627,2627
2648,2628,2628
2649,2629,2629
2650,2630,2630
2651,2631,2631
2652,2632,2632
2653,2633,2633
2654,2634,2634
2655,2635,2635
2656,2636,2636
2657,2637,2637
2658,2638,2638
2659,2639,2639
2660,2640,2640
2661,2641,2641
2662,2642,2642
2663,2643,2643
2664,2644,2644
2665,2645,2645
2666,2646,2646
2667,2647,2647
2668,2648,2648
2669,2649,2649
2670,2650,2650
2671,2651,2651
2672,2652,2652
2673,2653,2653
2674,2654,2654
2675,2655,2655
2676,2656,2656
2677,2657,2657
2678,2658,2658
2679,2659,2659
2680,2660,2660
2681,2661,2661
2682,2662,2662
2683,2663,2663
2684,5177,2663A
2685,2664,2664
2686,2665,2665
2687,2666,2666
2688,2667,2667
2689,2668,2668
2690,2669,2669
2691,2670,2670
2692,2671,2671
2693,2672,2672
2694,2673,2673
2695,2674,2674
2696,2675,2675
2697,2676,2676
2698,2677,2677
2699,2678,2678
2700,2679,2679
2701,2680,2680
2702,2681,2681
2703,2682,2682
2704,5178,2682A
2705,2683,2683
2706,2684,2684
2707,2685,2685
2708,2686,2686
2709,2687,2687
2710,2688,2688
2711,2689,2689
2712,2690,2690
2713,2691,2691
2714,2692,2692
2715,2693,2693
2716,2694,2694
2717,2695,2695
2718,2696,2696
2719,2697,2697
2720,2698,2698
2721,2699,2699
2722,2700,2700
2723,2701,2701
2724,2702,2702
2725,2703,2703
2726,2704,2704
2727,2705,2705
2728,2706,2706
2729,2707,2707
2730,2708,2708
2731,2709,2709
2732,2710,2710
2733,2711,2711
2734,2712,2712
2735,2713,2713
2736,2714,2714
2737,2715,2715
2738,2716,2716
2739,2717,2717
2740,2718,2718
2741,2719,2719
2742,2720,2720
2743,2721,2721
2744,2722,2722
2745,2723,2723
2746,2724,2724
2747,2725,2725
2748,2726,2726
2749,2727,2727
2750,2728,2728
2751,2729,2729
2752,2730,2730
2753,2731,2731
2754,2732,2732
2755,2733,2733
2756,5179,2733A
2757,2734,2734
2758,2735,2735
2759,5180,2735A
2760,2736,2736
2761,5181,2736A
2762,2737,2737
2763,2738,2738
2764,2739,2739
2765,2740,2740
2766,2741,2741
2767,2742,2742
2768,2743,2743
2769,2744,2744
2770,2745,2745
2771,2746,2746
2772,2747,2747
2773,2748,2748
2774,2749,2749
2775,2750,2750
2776,2751,2751
2777,2752,2752
2778,2753,2753
2779,2754,2754
2780,2755,2755
2781,2756,2756
2782,2757,2757
2783,2758,2758
2784,2759,2759
2785,2760,2760
2786,2761,2761
2787,2762,2762
2788,2763,2763
2789,2764,2764
2790,2765,2765
2791,2766,2766
2792,2767,2767
2793,2768,2768
2794,2769,2769
2795,2770,2770
2796,2771,2771
2797,2772,2772
2798,2773,2773
2799,2774,2774
2800,2775,2775
2801,2776,2776
2802,2777,2777
2803,2778,2778
2804,2779,2779
2805,2780,2780
2806,2781,2781
2807,2782,2782
2808,2783,2783
2809,2784,2784
2810,2785,2785
2811,2786,2786
2812,2787,2787
2813,2788,2788
2814,2789,2789
2815,2790,2790
2816,2791,2791
2817,2792,2792
2818,2793,2793
2819,2794,2794
2820,2795,2795
2821,2796,2796
2822,2797,2797
2823,2798,2798
2824,2799,2799
2825,2800,2800
2826,2801,2801
2827,2802,2802
2828,2803,2803
2829,2804,2804
2830,2805,2805
2831,2806,2806
2832,2807,2807
2833,2808,2808
2834,2809,2809
2835,2810,2810
2836,2811,2811
2837,2812,2812
2838,2813,2813
2839,2814,2814
2840,2815,2815
2841,2816,2816
2842,2817,2817
2843,2818,2818
2844,2819,2819
2845,2820,2820
2846,2821,2821
2847,2822,2822
2848,2823,2823
2849,2824,2824
2850,2825,2825
2851,2826,2826
2852,2827,2827
2853,2828,2828
2854,2829,2829
2855,2830,2830
2856,2831,2831
2857,2832,2832
2858,2833,2833
2859,2834,2834
2860,2835,2835
2861,2836,2836
2862,2837,2837
2863,2838,2838
2864,2839,2839
2865,2840,2840
2866,2841,2841
2867,2842,2842
2868,2843,2843
2869,2844,2844
2870,2845,2845
2871,2846,2846
2872,2847,2847
2873,2848,2848
2874,2849,2849
2875,2850,2850
2876,2851,2851
2877,2852,2852
2878,2853,2853
2879,2854,2854
2880,2855,2855
2881,2856,2856
2882,2857,2857
2883,2858,2858
2884,2859,2859
2885,2860,2860
2886,2861,2861
2887,2862,2862
2888,2863,2863
2889,2864,2864
2890,2865,2865
2891,2866,2866
2892,2867,2867
2893,2868,2868
2894,2869,2869
2895,2870,2870
2896,2871,2871
2897,2872,2872
2898,2873,2873
2899,2874,2874
2900,2875,2875
2901,2876,2876
2902,2877,2877
2903,2878,2878
2904,2879,2879
2905,2880,2880
2906,5183,2880A
2907,2881,2881
2908,2882,2882
2909,2883,2883
2910,2884,2884
2911,2885,2885
2912,2886,2886
2913,2887,2887
2914,2888,2888
2915,2889,2889
2916,2890,2890
2917,2891,2891
2918,2892,2892
2919,2893,2893
2920,2894,2894
2921,2895,2895
2922,2896,2896
2923,5184,2896A
2924,2897,2897
2925,2898,2898
2926,2899,2899
2927,2900,2900
2928,2901,2901
2929,2902,2902
2930,2903,2903
2931,2904,2904
2932,2905,2905
2933,2906,2906
2934,2907,2907
2935,2908,2908
2936,2909,2909
2937,2910,2910
2938,2911,2911
2939,2912,2912
2940,2913,2913
2941,2914,2914
2942,2915,2915
2943,2916,2916
2944,2917,2917
2945,2918,2918
2946,2919,2919
2947,2920,2920
2948,2921,2921
2949,2922,2922
2950,2923,2923
2951,2924,2924
2952,2925,2925
2953,2926,2926
2954,2927,2927
2955,2928,2928
2956,2929,2929
2957,2930,2930
2958,2931,2931
2959,2932,2932
2960,2933,2933
2961,2934,2934
2962,2935,2935
2963,2936,2936
2964,2937,2937
2965,2938,2938
2966,2939,2939
2967,2940,2940
2968,2941,2941
2969,2942,2942
2970,2943,2943
2971,2944,2944
2972,2945,2945
2973,2946,2946
2974,2947,2947
2975,2948,2948
2976,2949,2949
2977,2950,2950
2978,2951,2951
2979,2952,2952
2980,2953,2953
2981,2954,2954
2982,2955,2955
2983,2956,2956
2984,2957,2957
2985,2958,2958
2986,2959,2959
2987,2960,2960
2988,2961,2961
2989,2962,2962
2990,2963,2963
2991,2964,2964
2992,2965,2965
2993,2966,2966
2994,2967,2967
2995,2968,2968
2996,2969,2969
2997,2970,2970
2998,2971,2971
2999,2972,2972
3000,2973,2973
3001,2974,2974
3002,2975,2975
3003,2976,2976
3004,2977,2977
3005,2978,2978
3006,2979,2979
3007,2980,2980
3008,2981,2981
3009,2982,2982
3010,2983,2983
3011,2984,2984
3012,2985,2985
3013,2986,2986
3014,2987,2987
3015,2988,2988
3016,2989,2989
3017,2990,2990
3018,2991,2991
3019,2992,2992
3020,2993,2993
3021,2994,2994
3022,2995,2995
3023,2996,2996
3024,2997,2997
3025,2998,2998
3026,2999,2999
3027,3000,3000
3028,3001,3001
3029,3002,3002
3030,3003,3003
3031,3004,3004
3032,3005,3005
3033,3006,3006
3034,3007,3007
3035,3008,3008
3036,3009,3009
3037,3010,3010
3038,3011,3011
3039,3012,3012
3040,3013,3013
3041,3014,3014
3042,3015,3015
3043,3016,3016
3044,3017,3017
3045,3018,3018
3046,3019,3019
3047,3020,3020
3048,3021,3021
3049,3022,3022
3050,3023,3023
3051,3024,3024
3052,3025,3025
3053,3026,3026
3054,3027,3027
3055,3028,3028
3056,3029,3029
3057,3030,3030
3058,3031,3031
3059,3032,3032
3060,3033,3033
3061,3034,3034
3062,3035,3035
3063,3036,3036
3064,3037,3037
3065,3038,3038
3066,3039,3039
3067,3040,3040
3068,3041,3041
3069,3042,3042
3070,3043,3043
3071,3044,3044
3072,3045,3045
3073,3046,3046
3074,3047,3047
3075,3048,3048
3076,3049,3049
3077,3050,3050
3078,3051,3051
3079,3052,3052
3080,3053,3053
3081,3054,3054
3082,3055,3055
3083,3056,3056
3084,3057,3057
3085,3058,3058
3086,3059,3059
3087,3060,3060
3088,3061,3061
3089,3062,3062
3090,3063,3063
3091,3064,3064
3092,3065,3065
3093,3066,3066
3094,3067,3067
3095,3068,3068
3096,3069,3069
3097,3070,3070
3098,5436,3071-3076
3099,5186,3076A
3100,3077,3077
3101,3078,3078
3102,3079,3079
3103,3080,3080
3104,3081,3081
3105,3082,3082
3106,3083,3083
3107,3084,3084
3108,3085,3085
3109,3086,3086
3110,3087,3087
3111,3088,3088
3112,3089,3089
3113,3090,3090
3114,3091,3091
3115,3092,3092
3116,3093,3093
3117,3094,3094
3118,3095,3095
3119,3096,3096
3120,3097,3097
3121,3098,3098
3122,3099,3099
3123,3100,3100
3124,3101,3101
3125,3102,3102
3126,3103,3103
3127,3104,3104
3128,3105,3105
3129,3106,3106
3130,3107,3107
3131,3108,3108
3132,3109,3109
3133,3110,3110
3134,3111,3111
3135,3112,3112
3136,3113,3113
3137,3114,3114
3138,3115,3115
3139,3116,3116
3140,3117,3117
3141,3118,3118
3142,3119,3119
3143,3120,3120
3144,3121,3121
3145,3122,3122
3146,3123,3123
3147,3124,3124
3148,3125,3125
3149,3126,3126
3150,3127,3127
3151,3128,3128
3152,3129,3129
3153,3130,3130
3154,3131,3131
3155,3132,3132
3156,3133,3133
3157,3134,3134
3158,3135,3135
3159,3136,3136
3160,3137,3137
3161,3138,3138
3162,3139,3139
3163,3140,3140
3164,3141,3141
3165,3142,3142
3166,3143,3143
3167,3144,3144
3168,3145,3145
3169,3146,3146
3170,3147,3147
3171,3148,3148
3172,3149,3149
3173,3150,3150
3174,3151,3151
3175,3152,3152
3176,3153,3153
3177,3154,3154
3178,3155,3155
3179,3156,3156
3180,3157,3157
3181,3158,3158
3182,3159,3159
3183,3160,3160
3184,3161,3161
3185,3162,3162
3186,3163,3163
3187,3164,3164
3188,3165,3165
3189,3166,3166
3190,3167,3167
3191,3168,3168
3192,3169,3169
3193,3170,3170
3194,3171,3171
3195,3172,3172
3196,3173,3173
3197,3174,3174
3198,3175,3175
3199,3176,3176
3200,3177,3177
3201,3178,3178
3202,3179,3179
3203,3180,3180
3204,3181,3181
3205,3182,3182
3206,3183,3183
3207,3184,3184
3208,3185,3185
3209,3186,3186
3210,3187,3187
3211,3188,3188
3212,3189,3189
3213,3190,3190
3214,3191,3191
3215,3192,3192
3216,3193,3193
3217,3194,3194
3218,3195,3195
3219,3196,3196
3220,3197,3197
3221,3198,3198
3222,3199,3199
3223,3200,3200
3224,3201,3201
3225,3202,3202
3226,3203,3203
3227,3204,3204
3228,3205,3205
3229,3206,3206
3230,3207,3207
3231,3208,3208
3232,3209,3209
3233,3210,3210
3234,3211,3211
3235,3212,3212
3236,3213,3213
3237,3214,3214
3238,3215,3215
3239,3216,3216
3240,3217,3217
3241,3218,3218
3242,3219,3219
3243,3220,3220
3244,3221,3221
3245,3222,3222
3246,3223,3223
3247,3224,3224
3248,3225,3225
3249,3226,3226
3250,3227,3227
3251,3228,3228
3252,3229,3229
3253,3230,3230
3254,3231,3231
3255,3232,3232
3256,3233,3233
3257,3234,3234
3258,3235,3235
3259,3236,3236
3260,3237,3237
3261,3238,3238
3262,3239,3239
3263,3240,3240
3264,3241,3241
3265,3242,3242
3266,3243,3243
3267,3244,3244
3268,3245,3245
3269,5188,3245A
3270,5189,3245B
3271,3246,3246
3272,3247,3247
3273,3248,3248
3274,3249,3249
3275,3250,3250
3276,3251,3251
3277,3252,3252
3278,3253,3253
3279,3254,3254
3280,3255,3255
3281,3256,3256
3282,3257,3257
3283,3258,3258
3284,3259,3259
3285,3260,3260
3286,3261,3261
3287,3262,3262
3288,3263,3263
3289,3264,3264
3290,3265,3265
3291,3266,3266
3292,3267,3267
3293,3268,3268
3294,3269,3269
3295,3270,3270
3296,3271,3271
3297,3272,3272
3298,3273,3273
3299,3274,3274
3300,3275,3275
3301,3276,3276
3302,3277,3277
3303,3278,3278
3304,3279,3279
3305,3280,3280
3306,3281,3281
3307,3282,3282
3308,3283,3283
3309,3284,3284
3310,3285,3285
3311,3286,3286
3312,3287,3287
3313,3288,3288
3314,3289,3289
3315,3290,3290
3316,3291,3291
3317,3292,3292
3318,3293,3293
3319,3294,3294
3320,3295,3295
3321,3296,3296
3322,3297,3297
3323,3298,3298
3324,3299,3299
3325,3300,3300
3326,3301,3301
3327,3302,3302
3328,3303,3303
3329,3304,3304
3330,3305,3305
3331,3306,3306
3332,3307,3307
3333,3308,3308
3334,3309,3309
3335,3310,3310
3336,3311,3311
3337,3312,3312
3338,3313,3313
3339,3314,3314
3340,3315,3315
3341,3316,3316
3342,3317,3317
3343,3318,3318
3344,3319,3319
3345,3320,3320
3346,3321,3321
3347,3322,3322
3348,3323,3323
3349,3324,3324
3350,3325,3325
3351,3326,3326
3352,3327,3327
3353,3328,3328
3354,3329,3329
3355,3330,3330
3356,3331,3331
3357,3332,3332
3358,3333,3333
3359,3334,3334
3360,3335,3335
3361,3336,3336
3362,3337,3337
3363,3338,3338
3364,3339,3339
3365,3340,3340
3366,3341,3341
3367,3342,3342
3368,3343,3343
3369,3344,3344
3370,3345,3345
3371,3346,3346
3372,3347,3347
3373,3348,3348
3374,3349,3349
3375,3350,3350
3376,3351,3351
3377,3352,3352
3378,3353,3353
3379,3354,3354
3380,3355,3355
3381,3356,3356
3382,3357,3357
3383,3358,3358
3384,3359,3359
3385,3360,3360
3386,3361,3361
3387,3362,3362
3388,3363,3363
3389,3364,3364
3390,3365,3365
3391,3366,3366
3392,3367,3367
3393,3368,3368
3394,3369,3369
3395,3370,3370
3396,3371,3371
3397,3372,3372
3398,3373,3373
3399,3374,3374
3400,3375,3375
3401,3376,3376
3402,3377,3377
3403,3378,3378
3404,3379,3379
3405,3380,3380
3406,3381,3381
3407,3382,3382
3408,3383,3383
3409,3384,3384
3410,3385,3385
3411,3386,3386
3412,3387,3387
3413,3388,3388
3414,3389,3389
3415,3390,3390
3416,3391,3391
3417,3392,3392
3418,3393,3393
3419,3394,3394
3420,3395,3395
3421,3396,3396
3422,3397,3397
3423,3398,3398
3424,3399,3399
3425,3400,3400
3426,3401,3401
3427,3402,3402
3428,3403,3403
3429,3404,3404
3430,3405,3405
3431,3406,3406
3432,3407,3407
3433,3408,3408
3434,3409,3409
3435,3410,3410
3436,3411,3411
3437,3412,3412
3438,3413,3413
3439,3414,3414
3440,3415,3415
3441,3416,3416
3442,3417,3417
3443,3418,3418
3444,3419,3419
3445,3420,3420
3446,3421,3421
3447,3422,3422
3448,3423,3423
3449,3424,3424
3450,3425,3425
3451,3426,3426
3452,3427,3427
3453,3428,3428
3454,3429,3429
3455,3430,3430
3456,3431,3431
3457,3432,3432
3458,3433,3433
3459,3434,3434
3460,3435,3435
3461,3436,3436
3462,3437,3437
3463,3438,3438
3464,3439,3439
3465,3440,3440
3466,3441,3441
3467,3442,3442
3468,3443,3443
3469,3444,3444
3470,3445,3445
3471,3446,3446
3472,3447,3447
3473,3448,3448
3474,3449,3449
3475,3450,3450
3476,3451,3451
3477,3452,3452
3478,3453,3453
3479,3454,3454
3480,3455,3455
3481,3456,3456
3482,3457,3457
3483,3458,3458
3484,3459,3459
3485,3460,3460
3486,3461,3461
3487,3462,3462
3488,3463,3463
3489,3464,3464
3490,3465,3465
3491,3466,3466
3492,3467,3467
3493,3468,3468
3494,3469,3469
3495,3470,3470
3496,3471,3471
3497,3472,3472
3498,3473,3473
3499,3474,3474
3500,3475,3475
3501,3476,3476
3502,3477,3477
3503,3478,3478
3504,3479,3479
3505,3480,3480
3506,3481,3481
3507,3482,3482
3508,3483,3483
3509,3484,3484
3510,3485,3485
3511,3486,3486
3512,3487,3487
3513,3488,3488
3514,3489,3489
3515,3490,3490
3516,3491,3491
3517,3492,3492
3518,3493,3493
3519,3494,3494
3520,3495,3495
3521,3496,3496
3522,3497,3497
3523,3498,3498
3524,3499,3499
3525,3500,3500
3526,3501,3501
3527,3502,3502
3528,3503,3503
3529,3504,3504
3530,3505,3505
3531,3506,3506
3532,3507,3507
3533,3508,3508
3534,3509,3509
3535,3510,3510
3536,3511,3511
3537,3512,3512
3538,3513,3513
3539,3514,3514
3540,3515,3515
3541,3516,3516
3542,3517,3517
3543,3518,3518
3544,3519,3519
3545,3520,3520
3546,3521,3521
3547,3522,3522
3548,3523,3523
3549,3524,3524
3550,3525,3525
3551,3526,3526
3552,3527,3527
3553,3528,3528
3554,3529,3529
3555,3530,3530
3556,3531,3531
3557,3532,3532
3558,3533,3533
3559,3534,3534
3560,3535,3535
3561,3536,3536
3562,3537,3537
3563,3538,3538
3564,3539,3539
3565,3540,3540
3566,3541,3541
3567,3542,3542
3568,3543,3543
3569,3544,3544
3570,3545,3545
3571,3546,3546
3572,3547,3547
3573,3548,3548
3574,3549,3549
3575,3550,3550
3576,3551,3551
3577,3552,3552
3578,3553,3553
3579,3554,3554
3580,3555,3555
3581,3556,3556
3582,3557,3557
3583,3558,3558
3584,3559,3559
3585,3560,3560
3586,3561,3561
3587,3562,3562
3588,3563,3563
3589,3564,3564
3590,3565,3565
3591,3566,3566
3592,3567,3567
3593,3568,3568
3594,3569,3569
3595,3570,3570
3596,3571,3571
3597,3572,3572
3598,3573,3573
3599,3574,3574
3600,3575,3575
3601,3576,3576
3602,3577,3577
3603,3578,3578
3604,3579,3579
3605,3580,3580
3606,3581,3581
3607,3582,3582
3608,3583,3583
3609,3584,3584
3610,3585,3585
3611,3586,3586
3612,3587,3587
3613,3588,3588
3614,3589,3589
3615,3590,3590
3616,3591,3591
3617,3592,3592
3618,3593,3593
3619,3594,3594
3620,3595,3595
3621,3596,3596
3622,3597,3597
3623,3598,3598
3624,3599,3599
3625,3600,3600
3626,3601,3601
3627,3602,3602
3628,3603,3603
3629,3604,3604
3630,3605,3605
3631,3606,3606
3632,3607,3607
3633,3608,3608
3634,3609,3609
3635,3610,3610
3636,3611,3611
3637,3612,3612
3638,3613,3613
3639,3614,3614
3640,3615,3615
3641,3616,3616
3642,3617,3617
3643,3618,3618
3644,3619,3619
3645,3620,3620
3646,3621,3621
3647,3622,3622
3648,3623,3623
3649,3624,3624
3650,3625,3625
3651,3626,3626
3652,3627,3627
3653,3628,3628
3654,3629,3629
3655,3630,3630
3656,3631,3631
3657,3632,3632
3658,3633,3633
3659,3634,3634
3660,3635,3635
3661,3636,3636
3662,3637,3637
3663,3638,3638
3664,3639,3639
3665,3640,3640
3666,3641,3641
3667,3642,3642
3668,3643,3643
3669,3644,3644
3670,3645,3645
3671,3646,3646
3672,3647,3647
3673,3648,3648
3674,3649,3649
3675,3650,3650
3676,3651,3651
3677,3652,3652
3678,3653,3653
3679,3654,3654
3680,3655,3655
3681,3656,3656
3682,3657,3657
3683,3658,3658
3684,3659,3659
3685,3660,3660
3686,3661,3661
3687,5193,3661A
3688,3662,3662
3689,3663,3663
3690,3664,3664
3691,3665,3665
3692,3666,3666
3693,3667,3667
3694,3668,3668
3695,3669,3669
3696,3670,3670
3697,3671,3671
3698,3672,3672
3699,3673,3673
3700,3674,3674
3701,3675,3675
3702,3676,3676
3703,3677,3677
3704,3678,3678
3705,3679,3679
3706,3680,3680
3707,3681,3681
3708,3682,3682
3709,3683,3683
3710,3684,3684
3711,3685,3685
3712,3686,3686
3713,3687,3687
3714,3688,3688
3715,3689,3689
3716,3690,3690
3717,3691,3691
3718,3692,3692
3719,3693,3693
3720,3694,3694
3721,3695,3695
3722,3696,3696
3723,3697,3697
3724,3698,3698
3725,3699,3699
3726,3700,3700
3727,3701,3701
3728,5547,3702
3729,5548,3702A
3730,3703,3703
3731,3704,3704
3732,3705,3705
3733,3706,3706
3734,3707,3707
3735,3708,3708
3736,3709,3709
3737,3710,3710
3738,3711,3711
3739,3712,3712
3740,3713,3713
3741,3714,3714
3742,3715,3715
3743,3716,3716
3744,3717,3717
3745,3718,3718
3746,3719,3719
3747,3720,3720
3748,3721,3721
3749,3722,3722
3750,3723,3723
3751,3724,3724
3752,3725,3725
3753,3726,3726
3754,3727,3727
3755,3728,3728
3756,3729,3729
3757,3730,3730
3758,3731,3731
3759,3732,3732
3760,3733,3733
3761,3734,3734
3762,3735,3735
3763,3736,3736
3764,3737,3737
3765,3738,3738
3766,3739,3739
3767,3740,3740
3768,3741,3741
3769,3742,3742
3770,3743,3743
3771,3744,3744
3772,3745,3745
3773,3746,3746
3774,3747,3747
3775,3748,3748
3776,3749,3749
3777,3750,3750
3778,3751,3751
3779,3752,3752
3780,3753,3753
3781,3754,3754
3782,3755,3755
3783,3756,3756
3784,3757,3757
3785,3758,3758
3786,3759,3759
3787,3760,3760
3788,3761,3761
3789,3762,3762
3790,3763,3763
3791,3764,3764
3792,3765,3765
3793,3766,3766
3794,3767,3767
3795,3768,3768
3796,3769,3769
3797,3770,3770
3798,3771,3771
3799,3772,3772
3800,3773,3773
3801,3774,3774
3802,3775,3775
3803,3776,3776
3804,3777,3777
3805,3778,3778
3806,3779,3779
3807,3780,3780
3808,3781,3781
3809,3782,3782
3810,3783,3783
3811,3784,3784
3812,3785,3785
3813,3786,3786
3814,3787,3787
3815,3788,3788
3816,3789,3789
3817,3790,3790
3818,3791,3791
3819,3792,3792
3820,3793,3793
3821,3794,3794
3822,3795,3795
3823,3796,3796
3824,3797,3797
3825,3798,3798
3826,3799,3799
3827,3800,3800
3828,3801,3801
3829,3802,3802
3830,3803,3803
3831,3804,3804
3832,3805,3805
3833,3806,3806
3834,3807,3807
3835,3808,3808
3836,3809,3809
3837,3810,3810
3838,3811,3811
3839,3812,3812
3840,3813,3813
3841,3814,3814
3842,3815,3815
3843,3816,3816
3844,3817,3817
3845,3818,3818
3846,3819,3819
3847,3820,3820
3848,3821,3821
3849,3822,3822
3850,3823,3823
3851,3824,3824
3852,3825,3825
3853,3826,3826
3854,3827,3827
3855,3828,3828
3856,3829,3829
3857,3830,3830
3858,3831,3831
3859,3832,3832
3860,3833,3833
3861,3834,3834
3862,3835,3835
3863,3836,3836
3864,3837,3837
3865,3838,3838
3866,3839,3839
3867,3840,3840
3868,3841,3841
3869,3842,3842
3870,3843,3843
3871,3844,3844
3872,3845,3845
3873,3846,3846
3874,3847,3847
3875,3848,3848
3876,3849,3849
3877,3850,3850
3878,3851,3851
3879,3852,3852
3880,3853,3853
3881,3854,3854
3882,3855,3855
3883,3856,3856
3884,3857,3857
3885,3858,3858
3886,3859,3859
3887,3860,3860
3888,3861,3861
3889,3862,3862
3890,3863,3863
3891,3864,3864
3892,3865,3865
3893,3866,3866
3894,3867,3867
3895,3868,3868
3896,3869,3869
3897,3870,3870
3898,3871,3871
3899,3872,3872
3900,3873,3873
3901,3874,3874
3902,3875,3875
3903,5206,3875A
3904,3876,3876
3905,3877,3877
3906,3878,3878
3907,3879,3879
3908,3880,3880
3909,3881,3881
3910,3882,3882
3911,3883,3883
3912,3884,3884
3913,3885,3885
3914,3886,3886
3915,3887,3887
3916,3888,3888
3917,3889,3889
3918,3890,3890
3919,3891,3891
3920,3892,3892
3921,3893,3893
3922,3894,3894
3923,5700,3895
3924,5701,3896
3925,5702,3897
3926,3898,3898
3927,5208,3899
3928,5703,3900
3929,3901,3901
3930,3902,3902
3931,3903,3903
3932,3904,3904
3933,3905,3905
3934,3906,3906
3935,3907,3907
3936,3908,3908
3937,3909,3909
3938,3910,3910
3939,3911,3911
3940,3912,3912
3941,3913,3913
3942,3914,3914
3943,3915,3915
3944,3916,3916
3945,3917,3917
3946,3918,3918
3947,3919,3919
3948,3920,3920
3949,3921,3921
3950,3922,3922
3951,3923,3923
3952,3924,3924
3953,3925,3925
3954,3926,3926
3955,3927,3927
3956,3928,3928
3957,3929,3929
3958,3930,3930
3959,3931,3931
3960,3932,3932
3961,3933,3933
3962,3934,3934
3963,3935,3935
3964,3936,3936
3965,3937,3937
3966,3938,3938
3967,3939,3939
3968,3940,3940
3969,3941,3941
3970,3942,3942
3971,3943,3943
3972,3944,3944
3973,3945,3945
3974,3946,3946
3975,3947,3947
3976,3948,3948
3977,3949,3949
3978,3950,3950
3979,3951,3951
3980,3952,3952
3981,3953,3953
3982,3954,3954
3983,3955,3955
3984,3956,3956
3985,3957,3957
3986,3958,3958
3987,3959,3959
3988,3960,3960
3989,3961,3961
3990,3962,3962
3991,3963,3963
3992,3964,3964
3993,3965,3965
3994,3966,3966
3995,3967,3967
3996,3968,3968
3997,3969,3969
3998,3970,3970
3999,3971,3971
4000,3972,3972
4001,3973,3973
4002,3974,3974
4003,3975,3975
4004,3976,3976
4005,3977,3977
4006,3978,3978
4007,3979,3979
4008,3980,3980
4009,3981,3981
4010,3982,3982
4011,3983,3983
4012,3984,3984
4013,3985,3985
4014,3986,3986
4015,3987,3987
4016,3988,3988
4017,3989,3989
4018,3990,3990
4019,5254,3990A
4020,3991,3991
4021,3992,3992
4022,3993,3993
4023,3994,3994
4024,3995,3995
4025,3996,3996
4026,3997,3997
4027,3998,3998
4028,3999,3999
4029,4000,4000
4030,4001,4001
4031,4002,4002
4032,4003,4003
4033,4004,4004
4034,4005,4005
4035,4006,4006
4036,4007,4007
4037,4008,4008
4038,4009,4009
4039,4010,4010
4040,4011,4011
4041,4012,4012
4042,4013,4013
4043,4014,4014
4044,4015,4015
4045,4016,4016
4046,4017,4017
4047,4018,4018
4048,4019,4019
4049,4020,4020
4050,4021,4021
4051,4022,4022
4052,4023,4023
4053,4024,4024
4054,4025,4025
4055,4026,4026
4056,4027,4027
4057,4028,4028
4058,4029,4029
4059,4030,4030
4060,4031,4031
4061,4032,4032
4062,4033,4033
4063,4034,4034
4064,4035,4035
4065,4036,4036
4066,4037,4037
4067,4038,4038
4068,4039,4039
4069,4040,4040
4070,4041,4041
4071,4042,4042
4072,4043,4043
4073,4044,4044
4074,4045,4045
4075,4046,4046
4076,4047,4047
4077,4048,4048
4078,4049,4049
4079,4050,4050
4080,4051,4051
4081,4052,4052
4082,4053,4053
4083,4054,4054
4084,4055,4055
4085,4056,4056
4086,4057,4057
4087,4058,4058
4088,4059,4059
4089,4060,4060
4090,4061,4061
4091,4062,4062
4092,4063,4063
4093,4064,4064
4094,4065,4065
4095,4066,4066
4096,4067,4067
4097,4068,4068
4098,4069,4069
4099,4070,4070
4100,4071,4071
4101,4072,4072
4102,4073,4073
4103,4074,4074
4104,4075,4075
4105,4076,4076
4106,4077,4077
4107,4078,4078
4108,4079,4079
4109,4080,4080
4110,4081,4081
4111,4082,4082
4112,4083,4083
4113,4084,4084
4114,4085,4085
4115,4086,4086
4116,4087,4087
4117,4088,4088
4118,4089,4089
4119,4090,4090
4120,4091,4091
4121,4092,4092
4122,4093,4093
4123,4094,4094
4124,4095,4095
4125,4096,4096
4126,4097,4097
4127,4098,4098
4128,4099,4099
4129,4100,4100
4130,4101,4101
4131,4102,4102
4132,4103,4103
4133,4104,4104
4134,4105,4105
4135,4106,4106
4136,4107,4107
4137,4108,4108
4138,4109,4109
4139,4110,4110
4140,4111,4111
4141,4112,4112
4142,4113,4113
4143,4114,4114
4144,4115,4115
4145,4116,4116
4146,4117,4117
4147,4118,4118
4148,4119,4119
4149,4120,4120
4150,4121,4121
4151,4122,4122
4152,4123,4123
4153,4124,4124
4154,4125,4125
4155,4126,4126
4156,4127,4127
4157,4128,4128
4158,4129,4129
4159,4130,4130
4160,4131,4131
4161,4132,4132
4162,4133,4133
4163,4134,4134
4164,4135,4135
4165,4136,4136
4166,4137,4137
4167,4138,4138
4168,4139,4139
4169,4140,4140
4170,4141,4141
4171,4142,4142
4172,4143,4143
4173,4144,4144
4174,4145,4145
4175,4146,4146
4176,4147,4147
4177,4148,4148
4178,4149,4149
4179,4150,4150
4180,4151,4151
4181,4152,4152
4182,4153,4153
4183,4154,4154
4184,4155,4155
4185,4156,4156
4186,4157,4157
4187,4158,4158
4188,4159,4159
4189,4160,4160
4190,4161,4161
4191,4162,4162
4192,4163,4163
4193,4164,4164
4194,4165,4165
4195,4166,4166
4196,4167,4167
4197,4168,4168
4198,4169,4169
4199,4170,4170
4200,4171,4171
4201,4172,4172
4202,4173,4173
4203,4174,4174
4204,4175,4175
4205,4176,4176
4206,4177,4177
4207,4178,4178
4208,4179,4179
4209,4180,4180
4210,4181,4181
4211,4182,4182
4212,4183,4183
4213,4184,4184
4214,4185,4185
4215,4186,4186
4216,4187,4187
4217,4188,4188
4218,4189,4189
4219,4190,4190
4220,4191,4191
4221,4192,4192
4222,4193,4193
4223,4194,4194
4224,4195,4195
4225,4196,4196
4226,4197,4197
4227,5704,4198
4228,4199,4199
4229,4200,4200
4230,4201,4201
4231,4202,4202
4232,4203,4203
4233,4204,4204
4234,4205,4205
4235,4206,4206
4236,4207,4207
4237,4208,4208
4238,4209,4209
4239,4210,4210
4240,4211,4211
4241,4212,4212
4242,4213,4213
4243,4214,4214
4244,4215,4215
4245,4216,4216
4246,4217,4217
4247,4218,4218
4248,4219,4219
4249,4220,4220
4250,4221,4221
4251,4222,4222
4252,4223,4223
4253,4224,4224
4254,4225,4225
4255,4226,4226
4256,4227,4227
4257,4228,4228
4258,4229,4229
4259,4230,4230
4260,4231,4231
4261,4232,4232
4262,4233,4233
4263,4234,4234
4264,4235,4235
4265,4236,4236
4266,4237,4237
4267,4238,4238
4268,4239,4239
4269,4240,4240
4270,4241,4241
4271,4242,4242
4272,4243,4243
4273,4244,4244
4274,4245,4245
4275,4246,4246
4276,4247,4247
4277,4248,4248
4278,4249,4249
4279,4250,4250
4280,4251,4251
4281,4252,4252
4282,4253,4253
4283,4254,4254
4284,4255,4255
4285,4256,4256
4286,4257,4257
4287,4258,4258
4288,4259,4259
4289,4260,4260
4290,4261,4261
4291,4262,4262
4292,4263,4263
4293,4264,4264
4294,4265,4265
4295,4266,4266
4296,4267,4267
4297,4268,4268
4298,4269,4269
4299,4270,4270
4300,4271,4271
4301,4272,4272
4302,4273,4273
4303,4274,4274
4304,4275,4275
4305,4276,4276
4306,4277,4277
4307,4278,4278
4308,4279,4279
4309,5715,4280-4281
4310,4282,4282
4311,4283,4283
4312,4284,4284
4313,5722,4285
4314,5705,4286
4315,4287,4287
4316,4288,4288
4317,4289,4289
4318,4290,4290
4319,4291,4291
4320,4292,4292
4321,4293,4293
4322,4294,4294
4323,4295,4295
4324,4296,4296
4325,5706,4297
4326,5707,4298
4327,4299,4299
4328,4300,4300
4329,4301,4301
4330,4302,4302
4331,4303,4303
4332,4304,4304
4333,4305,4305
4334,4306,4306
4335,4307,4307
4336,4308,4308
4337,4309,4309
4338,4310,4310
4339,4311,4311
4340,4312,4312
4341,4313,4313
4342,4314,4314
4343,4315,4315
4344,4316,4316
4345,4317,4317
4346,4318,4318
4347,4319,4319
4348,4320,4320
4349,4321,4321
4350,4322,4322
4351,4323,4323
4352,5711,4324
4353,4325,4325
4354,4326,4326
4355,4327,4327
4356,4328,4328
4357,4329,4329
4358,4330,4330
4359,4331,4331
4360,4332,4332
4361,4333,4333
4362,4334,4334
4363,4335,4335
4364,4336,4336
4365,4337,4337
4366,4338,4338
4367,4339,4339
4368,4340,4340
4369,4341,4341
4370,4342,4342
4371,4343,4343
4372,4344,4344
4373,5712,4345
4374,4346,4346
4375,4347,4347
4376,4348,4348
4377,4349,4349
4378,4350,4350
4379,4351,4351
4380,4352,4352
4381,4353,4353
4382,4354,4354
4383,4355,4355
4384,4356,4356
4385,4357,4357
4386,4358,4358
4387,4359,4359
4388,4360,4360
4389,4361,4361
4390,4362,4362
4391,4363,4363
4392,4364,4364
4393,4365,4365
4394,4366,4366
4395,4367,4367
4396,4368,4368
4397,4369,4369
4398,4370,4370
4399,4371,4371
4400,4372,4372
4401,4373,4373
4402,4374,4374
4403,4375,4375
4404,4376,4376
4405,4377,4377
4406,4378,4378
4407,4379,4379
4408,4380,4380
4409,4381,4381
4410,4382,4382
4411,4383,4383
4412,4384,4384
4413,4385,4385
4414,4386,4386
4415,4387,4387
4416,4388,4388
4417,4389,4389
4418,4390,4390
4419,4391,4391
4420,4392,4392
4421,4393,4393
4422,4394,4394
4423,5713,4395
4424,4396,4396
4425,4397,4397
4426,4398,4398
4427,4399,4399
4428,4400,4400
4429,5286,4400A
4430,4401,4401
4431,4402,4402
4432,4403,4403
4433,4404,4404
4434,4405,4405
4435,4406,4406
4436,4407,4407
4437,4408,4408
4438,4409,4409
4439,4410,4410
4440,4411,4411
4441,4412,4412
4442,4413,4413
4443,4414,4414
4444,4415,4415
4445,4416,4416
4446,4417,4417
4447,4418,4418
4448,4419,4419
4449,5290,4419A
4450,4420,4420
4451,5291,4420A
4452,4421,4421
4453,4422,4422
4454,4423,4423
4455,4424,4424
4456,4425,4425
4457,4426,4426
4458,4427,4427
4459,4428,4428
4460,4429,4429
4461,4430,4430
4462,4431,4431
4463,4432,4432
4464,4433,4433
4465,4434,4434
4466,4435,4435
4467,4436,4436
4468,4437,4437
4469,4438,4438
4470,4439,4439
4471,4440,4440
4472,4441,4441
4473,4442,4442
4474,4443,4443
4475,4444,4444
4476,4445,4445
4477,4446,4446
4478,4447,4447
4479,4448,4448
4480,4449,4449
4481,4450,4450
4482,4451,4451
4483,4452,4452
4484,4453,4453
4485,4454,4454
4486,4455,4455
4487,4456,4456
4488,4457,4457
4489,4458,4458
4490,4459,4459
4491,4460,4460
4492,4461,4461
4493,4462,4462
4494,5293,4463
4495,4464,4464